dataset,complex_id,rmsd,best_cnn_pose_score,best_cnn_affinity,num_poses
default2018_seed1,3ix2_AC2_A_302,1.56565,0.6375522614,8.4963636398,10
default2018_seed1,3ix2_AC2_B_302,6.89597,0.6375523806,8.4963636398,10
default2018_seed1,3ix2_AC2_C_302,6.68004,0.6375525594,8.4963636398,10
default2018_seed1,4jdf_SPD_A_401,5.68025,0.6375542283,8.4963598251,10
default2018_seed1,5qtv_QLS_A_301,10.9579,0.6375522614,8.4963636398,10
default2018_seed1,5qtw_QLM_A_301,10.1076,0.6375522614,8.4963636398,10
default2018_seed1,5qtx_QLD_A_301,6.84635,0.6375522614,8.4963636398,10
default2018_seed1,5qty_QLJ_A_301,11.9452,0.6375522614,8.4963636398,10
default2018_seed1,5qtz_QMY_A_601,1.5818,0.6375523806,8.4963636398,10
default2018_seed1,5qu0_QMV_A_601,0.625072,0.6375524402,8.4963617325,10
default2018_seed1,5qur_LZ1_A_401,3.03178,0.6375527382,8.4963626862,10
default2018_seed1,5qus_LZ1_A_401,3.11799,0.637552619,8.4963626862,10
default2018_seed1,5qut_LZ1_A_401,2.96567,0.6375526786,8.4963626862,10
default2018_seed1,5ree_T1M_A_404,6.77777,0.6375530362,8.4963626862,10
default2018_seed1,5rfa_JGY_A_403,6.03837,0.6375522614,8.4963636398,10
default2018_seed1,5rgv_UGG_A_1001,6.4284,0.6375522614,8.4963636398,10
default2018_seed1,5rgx_UGP_A_1001,5.22648,0.6375522614,8.4963636398,10
default2018_seed1,5rh2_UH7_A_1001,2.41445,0.6375524402,8.4963636398,10
default2018_seed1,5rh3_UHA_A_1001,6.62625,0.6375522614,8.4963636398,10
default2018_seed1,5rhd_US7_A_408,6.8106,0.6375523806,8.4963626862,10
default2018_seed1,5s75_LU8_B_501,3.5675,0.6375522614,8.4963636398,10
default2018_seed1,5s75_LU8_A_508,7.8349,0.6375524402,8.4963626862,10
default2018_seed1,5s75_LU8_A_509,9.5859,0.6375522614,8.4963636398,10
default2018_seed1,5s75_LU8_A_501,2.15685,0.6375522614,8.4963636398,10
default2018_seed1,5s76_LU8_A_508,10.3818,0.6375526786,8.4963645935,10
default2018_seed1,5s76_LU8_B_501,6.36757,0.6375522614,8.4963636398,10
default2018_seed1,5s76_LU8_A_501,5.06487,0.6375527382,8.4963636398,10
default2018_seed1,5s76_LU8_A_507,8.95761,0.6375524402,8.4963626862,10
default2018_seed1,5s77_LU8_A_501,4.39959,0.6375524402,8.4963636398,10
default2018_seed1,5s77_LU8_A_509,11.1979,0.6375522614,8.4963636398,10
default2018_seed1,5s77_LU8_A_508,7.5987,0.6375523806,8.4963626862,10
default2018_seed1,5s77_LU8_B_501,10.7416,0.6375522614,8.4963636398,10
default2018_seed1,5s78_LU8_A_501,10.9645,0.6375523806,8.4963636398,10
default2018_seed1,5s78_LU8_A_506,8.97911,0.6375522614,8.4963636398,10
default2018_seed1,5s78_LU8_B_501,10.773,0.6375522614,8.4963636398,10
default2018_seed1,5s79_LU8_A_501,10.5719,0.6375523806,8.4963626862,10
default2018_seed1,5s79_LU8_A_507,8.60646,0.637552321,8.4963626862,10
default2018_seed1,5s79_LU8_B_501,11.9499,0.6375522614,8.4963636398,10
default2018_seed1,5s7a_LU8_A_507,9.06132,0.6375523806,8.4963626862,10
default2018_seed1,5s7a_LU8_A_501,11.1989,0.6375530362,8.4963636398,10
default2018_seed1,5s7a_LU8_A_508,10.337,0.6375526786,8.4963636398,10
default2018_seed1,5s7a_LU8_B_501,5.18228,0.6375522614,8.4963636398,10
default2018_seed1,5s7b_LU8_A_507,8.88845,0.6375523806,8.4963626862,10
default2018_seed1,5s7b_LU8_B_501,3.04611,0.6375522614,8.4963636398,10
default2018_seed1,5s7b_LU8_A_508,10.5426,0.6375524402,8.4963636398,10
default2018_seed1,5s7b_LU8_A_501,4.1656,0.6375524402,8.4963636398,10
default2018_seed1,5s7c_LU8_A_501,11.1913,0.6375530362,8.4963636398,10
default2018_seed1,5s7c_LU8_B_501,11.5845,0.6375523806,8.4963626862,10
default2018_seed1,5s7c_LU8_A_507,8.03301,0.6375523806,8.4963626862,10
default2018_seed1,5s7d_LU8_A_501,11.1412,0.6375526786,8.4963636398,10
default2018_seed1,5s7d_LU8_A_509,8.36121,0.6375522614,8.4963636398,10
default2018_seed1,5s7d_LU8_A_508,9.40755,0.6375523806,8.4963626862,10
default2018_seed1,5s7d_LU8_B_501,5.71984,0.6375522614,8.4963636398,10
default2018_seed1,5s7e_LU8_B_501,5.15189,0.6375522614,8.4963636398,10
default2018_seed1,5s7e_LU8_A_501,13.7277,0.6375526786,8.4963636398,10
default2018_seed1,5s7f_LU8_A_508,8.71871,0.6375523806,8.4963626862,10
default2018_seed1,5s7f_LU8_A_509,10.2902,0.6375523806,8.4963626862,10
default2018_seed1,5s7f_LU8_A_501,3.32696,0.6375523806,8.4963626862,10
default2018_seed1,5s7f_LU8_B_501,3.6621,0.6375522614,8.4963636398,10
default2018_seed1,5s7g_LU8_A_501,10.2779,0.6375525594,8.4963636398,10
default2018_seed1,5s7g_LU8_B_501,11.9727,0.6375522614,8.4963636398,10
default2018_seed1,5s7h_LU8_B_501,10.7009,0.6375522614,8.4963636398,10
default2018_seed1,5s7h_LU8_A_507,6.62503,0.6375522614,8.4963636398,10
default2018_seed1,5s7h_LU8_A_501,2.58961,0.6375523806,8.4963626862,10
default2018_seed1,5s7h_LU8_A_508,8.62434,0.6375523806,8.4963626862,10
default2018_seed1,5s7i_LU8_A_508,10.6849,0.6375522614,8.4963636398,10
default2018_seed1,5s7i_LU8_A_507,10.5665,0.6375524402,8.4963626862,10
default2018_seed1,5s7i_LU8_B_501,9.97257,0.6375522614,8.4963636398,10
default2018_seed1,5s7i_LU8_A_501,10.4119,0.6375522614,8.4963636398,10
default2018_seed1,5s7j_LU8_A_501,11.1022,0.6375528574,8.4963636398,10
default2018_seed1,5s7j_LU8_B_501,10.5199,0.6375522614,8.4963636398,10
default2018_seed1,5s7k_LU8_A_501,2.82345,0.6375523806,8.4963626862,10
default2018_seed1,5s7k_LU8_A_507,8.7924,0.6375522614,8.4963636398,10
default2018_seed1,5s7k_LU8_A_506,8.50141,0.6375523806,8.4963626862,10
default2018_seed1,5s7k_LU8_B_501,11.0901,0.6375522614,8.4963636398,10
default2018_seed1,5s7l_LU8_A_507,7.70926,0.6375525594,8.4963617325,10
default2018_seed1,5s7l_LU8_A_501,10.7925,0.6375523806,8.4963626862,10
default2018_seed1,5s7l_LU8_B_501,10.5948,0.6375522614,8.4963636398,10
default2018_seed1,5s7m_LU8_A_501,10.6429,0.6375522614,8.4963636398,10
default2018_seed1,5s7m_LU8_B_501,10.7019,0.6375522614,8.4963636398,10
default2018_seed1,5s7n_LU8_B_501,12.0845,0.6375522614,8.4963636398,10
default2018_seed1,5s7n_LU8_A_501,9.0388,0.6375526786,8.4963626862,10
default2018_seed1,5s7n_LU8_A_507,8.39496,0.6375523806,8.4963626862,10
default2018_seed1,5s7n_LU8_A_508,9.59417,0.6375522614,8.4963636398,10
default2018_seed1,5s7o_LU8_A_508,7.07191,0.6375523806,8.4963636398,10
default2018_seed1,5s7o_LU8_A_507,8.65262,0.6375523806,8.4963626862,10
default2018_seed1,5s7o_LU8_A_501,10.8301,0.6375523806,8.4963626862,10
default2018_seed1,5s7o_LU8_B_501,3.00097,0.6375523806,8.4963636398,10
default2018_seed1,5s7p_LU8_A_508,8.51583,0.6375522614,8.4963636398,10
default2018_seed1,5s7p_LU8_B_501,10.7865,0.6375522614,8.4963636398,10
default2018_seed1,5s7p_LU8_A_507,10.5677,0.6375523806,8.4963626862,10
default2018_seed1,5s7p_LU8_A_501,12.7549,0.6375523806,8.4963617325,10
default2018_seed1,5s7q_LU8_A_508,10.6196,0.6375525594,8.4963636398,10
default2018_seed1,5s7q_LU8_A_507,10.3168,0.6375522614,8.4963636398,10
default2018_seed1,5s7q_LU8_A_501,2.51093,0.6375523806,8.4963626862,10
default2018_seed1,5s7q_LU8_B_1802,5.78414,0.6375522614,8.4963636398,10
default2018_seed1,5s7r_LU8_A_501,4.31783,0.6375529766,8.4963636398,10
default2018_seed1,5s7r_LU8_A_508,9.90937,0.6375522614,8.4963636398,10
default2018_seed1,5s7r_LU8_A_507,5.83696,0.6375522614,8.4963636398,10
default2018_seed1,5s7r_LU8_B_501,4.40762,0.6375522614,8.4963636398,10
default2018_seed1,5s7s_LU8_B_501,2.37968,0.6375522614,8.4963636398,10
default2018_seed1,5s7s_LU8_A_501,2.5636,0.6375523806,8.4963626862,10
default2018_seed1,5s7s_LU8_A_508,8.81849,0.6375523806,8.4963626862,10
default2018_seed1,5s7s_LU8_A_509,7.38237,0.6375523806,8.4963626862,10
default2018_seed1,5s7t_LU8_A_507,9.78427,0.6375523806,8.4963626862,10
default2018_seed1,5s7t_LU8_A_501,14.5012,0.6375524402,8.4963636398,10
default2018_seed1,5s7t_LU8_A_508,10.394,0.6375522614,8.4963636398,10
default2018_seed1,5s7t_LU8_B_501,12.831,0.6375523806,8.4963636398,10
default2018_seed1,5s7u_LU8_A_508,10.0283,0.6375522614,8.4963636398,10
default2018_seed1,5s7u_LU8_A_507,5.96955,0.6375522614,8.4963636398,10
default2018_seed1,5s7u_LU8_A_501,10.4408,0.6375524402,8.4963626862,10
default2018_seed1,5s7u_LU8_B_501,10.8293,0.6375522614,8.4963636398,10
default2018_seed1,5s7v_LU8_B_501,10.9103,0.6375522614,8.4963636398,10
default2018_seed1,5s7v_LU8_A_507,8.9746,0.6375523806,8.4963626862,10
default2018_seed1,5s7v_LU8_A_501,5.53465,0.637552619,8.4963636398,10
default2018_seed1,5s7v_LU8_A_508,8.46704,0.6375522614,8.4963636398,10
default2018_seed1,5s7w_LU8_A_507,10.5094,0.6375522614,8.4963636398,10
default2018_seed1,5s7w_LU8_A_508,10.4921,0.6375526786,8.4963645935,10
default2018_seed1,5s7w_LU8_A_501,12.1884,0.6375524402,8.4963636398,10
default2018_seed1,5s7w_LU8_B_501,11.3377,0.6375522614,8.4963636398,10
default2018_seed1,5s7x_LU8_A_508,11.3778,0.6375522614,8.4963636398,10
default2018_seed1,5s7x_LU8_B_501,5.60287,0.6375522614,8.4963636398,10
default2018_seed1,5s7x_LU8_A_509,11.6498,0.6375522614,8.4963636398,10
default2018_seed1,5s7x_LU8_A_501,10.7582,0.6375523806,8.4963626862,10
default2018_seed1,5s7y_LU8_A_508,10.2996,0.6375524402,8.4963636398,10
default2018_seed1,5s7y_LU8_A_507,6.6729,0.6375523806,8.4963636398,10
default2018_seed1,5s7y_LU8_A_501,2.86079,0.6375523806,8.4963626862,10
default2018_seed1,5s7y_LU8_B_501,7.17369,0.6375522614,8.4963636398,10
default2018_seed1,5s7z_LU8_A_501,10.6965,0.6375523806,8.4963626862,10
default2018_seed1,5s7z_LU8_A_509,11.3881,0.6375522614,8.4963636398,10
default2018_seed1,5s7z_LU8_A_508,9.18819,0.6375523806,8.4963626862,10
default2018_seed1,5s7z_LU8_B_501,11.367,0.6375523806,8.4963626862,10
default2018_seed1,5s80_LU8_B_501,4.93603,0.6375522614,8.4963636398,10
default2018_seed1,5s80_LU8_A_508,9.34735,0.637552321,8.4963636398,10
default2018_seed1,5s80_LU8_A_501,11.1948,0.6375523806,8.4963636398,10
default2018_seed1,5s80_LU8_A_509,6.83283,0.6375524402,8.4963636398,10
