ligand_name,ligand_file,protein_file
ZRY,5SAK_ZRY_ligand.sdf,5SAK_ZRY_protein.pdb
1K2,5SB2_1K2_ligand.sdf,5SB2_1K2_protein.pdb
HWI,5SD5_HWI_ligand.sdf,5SD5_HWI_protein.pdb
JSM,5SIS_JSM_ligand.sdf,5SIS_JSM_protein.pdb
EZO,6M2B_EZO_ligand.sdf,6M2B_EZO_protein.pdb
FNR,6M73_FNR_ligand.sdf,6M73_FNR_protein.pdb
MWQ,6T88_MWQ_ligand.sdf,6T88_MWQ_protein.pdb
9M2,6TW5_9M2_ligand.sdf,6TW5_9M2_protein.pdb
NZB,6TW7_NZB_ligand.sdf,6TW7_NZB_protein.pdb
AKN,6VTA_AKN_ligand.sdf,6VTA_AKN_protein.pdb
RXT,6WTN_RXT_ligand.sdf,6WTN_RXT_protein.pdb
5MC,6XBO_5MC_ligand.sdf,6XBO_5MC_protein.pdb
478,6XCT_478_ligand.sdf,6XCT_478_protein.pdb
TOP,6XG5_TOP_ligand.sdf,6XG5_TOP_protein.pdb
V2V,6XHT_V2V_ligand.sdf,6XHT_V2V_protein.pdb
V55,6XM9_V55_ligand.sdf,6XM9_V55_protein.pdb
2BA,6YJA_2BA_ligand.sdf,6YJA_2BA_protein.pdb
OZH,6YMS_OZH_ligand.sdf,6YMS_OZH_protein.pdb
8K2,6YQV_8K2_ligand.sdf,6YQV_8K2_protein.pdb
82I,6YQW_82I_ligand.sdf,6YQW_82I_protein.pdb
T1C,6YR2_T1C_ligand.sdf,6YR2_T1C_protein.pdb
PJ8,6YRV_PJ8_ligand.sdf,6YRV_PJ8_protein.pdb
PAL,6YSP_PAL_ligand.sdf,6YSP_PAL_protein.pdb
PKE,6YT6_PKE_ligand.sdf,6YT6_PKE_protein.pdb
Q1K,6YYO_Q1K_ligand.sdf,6YYO_Q1K_protein.pdb
Q4H,6Z0R_Q4H_ligand.sdf,6Z0R_Q4H_protein.pdb
Q4Z,6Z14_Q4Z_ligand.sdf,6Z14_Q4Z_protein.pdb
7EY,6Z1C_7EY_ligand.sdf,6Z1C_7EY_protein.pdb
Q5E,6Z2C_Q5E_ligand.sdf,6Z2C_Q5E_protein.pdb
Q7B,6Z4N_Q7B_ligand.sdf,6Z4N_Q7B_protein.pdb
ACV,6ZAE_ACV_ligand.sdf,6ZAE_ACV_protein.pdb
JOR,6ZC3_JOR_ligand.sdf,6ZC3_JOR_protein.pdb
QF8,6ZCY_QF8_ligand.sdf,6ZCY_QF8_protein.pdb
IMH,6ZK5_IMH_ligand.sdf,6ZK5_IMH_protein.pdb
3D1,6ZPB_3D1_ligand.sdf,6ZPB_3D1_protein.pdb
QW2,7A1P_QW2_ligand.sdf,7A1P_QW2_protein.pdb
R4W,7A9E_R4W_ligand.sdf,7A9E_R4W_protein.pdb
TPP,7A9H_TPP_ligand.sdf,7A9H_TPP_protein.pdb
R9K,7AFX_R9K_ligand.sdf,7AFX_R9K_protein.pdb
RK5,7AKL_RK5_ligand.sdf,7AKL_RK5_protein.pdb
RDH,7AN5_RDH_ligand.sdf,7AN5_RDH_protein.pdb
TP7,7B2C_TP7_ligand.sdf,7B2C_TP7_protein.pdb
ANP,7B94_ANP_ligand.sdf,7B94_ANP_protein.pdb
GCO,7BCP_GCO_ligand.sdf,7BCP_GCO_protein.pdb
TVW,7BJJ_TVW_ligand.sdf,7BJJ_TVW_protein.pdb
4JC,7BKA_4JC_ligand.sdf,7BKA_4JC_protein.pdb
U4B,7BMI_U4B_ligand.sdf,7BMI_U4B_protein.pdb
BEZ,7BNH_BEZ_ligand.sdf,7BNH_BEZ_protein.pdb
F8R,7BTT_F8R_ligand.sdf,7BTT_F8R_protein.pdb
FGO,7C0U_FGO_ligand.sdf,7C0U_FGO_protein.pdb
AZG,7C3U_AZG_ligand.sdf,7C3U_AZG_protein.pdb
DSG,7C8Q_DSG_ligand.sdf,7C8Q_DSG_protein.pdb
FVR,7CD9_FVR_ligand.sdf,7CD9_FVR_protein.pdb
G0C,7CIJ_G0C_ligand.sdf,7CIJ_G0C_protein.pdb
TES,7CL8_TES_ligand.sdf,7CL8_TES_protein.pdb
G8X,7CNQ_G8X_ligand.sdf,7CNQ_G8X_protein.pdb
PMV,7CNS_PMV_ligand.sdf,7CNS_PMV_protein.pdb
BDP,7CTM_BDP_ligand.sdf,7CTM_BDP_protein.pdb
PHB,7CUO_PHB_ligand.sdf,7CUO_PHB_protein.pdb
GV6,7D5C_GV6_ligand.sdf,7D5C_GV6_protein.pdb
MTE,7D6O_MTE_ligand.sdf,7D6O_MTE_protein.pdb
GLF,7DKT_GLF_ligand.sdf,7DKT_GLF_protein.pdb
4CL,7DQL_4CL_ligand.sdf,7DQL_4CL_protein.pdb
HJ0,7DUA_HJ0_ligand.sdf,7DUA_HJ0_protein.pdb
MDN,7E4L_MDN_ligand.sdf,7E4L_MDN_protein.pdb
J0L,7EBG_J0L_ligand.sdf,7EBG_J0L_protein.pdb
SIN,7ECR_SIN_ligand.sdf,7ECR_SIN_protein.pdb
A3P,7ED2_A3P_ligand.sdf,7ED2_A3P_protein.pdb
TYM,7ELT_TYM_ligand.sdf,7ELT_TYM_protein.pdb
FDA,7EPV_FDA_ligand.sdf,7EPV_FDA_protein.pdb
UDP,7ES1_UDP_ligand.sdf,7ES1_UDP_protein.pdb
BA7,7F51_BA7_ligand.sdf,7F51_BA7_protein.pdb
EUO,7F5D_EUO_ligand.sdf,7F5D_EUO_protein.pdb
FAD,7F8T_FAD_ligand.sdf,7F8T_FAD_protein.pdb
8NF,7FB7_8NF_ligand.sdf,7FB7_8NF_protein.pdb
ADX,7FHA_ADX_ligand.sdf,7FHA_ADX_protein.pdb
O88,7FRX_O88_ligand.sdf,7FRX_O88_protein.pdb
4MB,7FT9_4MB_ligand.sdf,7FT9_4MB_protein.pdb
GAR,7JG0_GAR_ligand.sdf,7JG0_GAR_protein.pdb
VAJ,7JHQ_VAJ_ligand.sdf,7JHQ_VAJ_protein.pdb
4NC,7JMV_4NC_ligand.sdf,7JMV_4NC_protein.pdb
VP7,7JXX_VP7_ligand.sdf,7JXX_VP7_protein.pdb
VUD,7JY3_VUD_ligand.sdf,7JY3_VUD_protein.pdb
VQP,7K0V_VQP_ligand.sdf,7K0V_VQP_protein.pdb
WBJ,7KB1_WBJ_ligand.sdf,7KB1_WBJ_protein.pdb
BJZ,7KC5_BJZ_ligand.sdf,7KC5_BJZ_protein.pdb
WPD,7KM8_WPD_ligand.sdf,7KM8_WPD_protein.pdb
YOF,7KQU_YOF_ligand.sdf,7KQU_YOF_protein.pdb
ATP,7KRU_ATP_ligand.sdf,7KRU_ATP_protein.pdb
XN7,7KZ9_XN7_ligand.sdf,7KZ9_XN7_protein.pdb
XCJ,7L00_XCJ_ligand.sdf,7L00_XCJ_protein.pdb
F9F,7L03_F9F_ligand.sdf,7L03_F9F_protein.pdb
XNG,7L5F_XNG_ligand.sdf,7L5F_XNG_protein.pdb
XQ1,7L7C_XQ1_ligand.sdf,7L7C_XQ1_protein.pdb
XTA,7LCU_XTA_ligand.sdf,7LCU_XTA_protein.pdb
0JO,7LEV_0JO_ligand.sdf,7LEV_0JO_protein.pdb
GTP,7LJN_GTP_ligand.sdf,7LJN_GTP_protein.pdb
NYO,7LMO_NYO_ligand.sdf,7LMO_NYO_protein.pdb
Y84,7LOE_Y84_ligand.sdf,7LOE_Y84_protein.pdb
IFM,7LOU_IFM_ligand.sdf,7LOU_IFM_protein.pdb
ONJ,7LT0_ONJ_ligand.sdf,7LT0_ONJ_protein.pdb
YHY,7LZD_YHY_ligand.sdf,7LZD_YHY_protein.pdb
TDR,7M31_TDR_ligand.sdf,7M31_TDR_protein.pdb
YPV,7M3H_YPV_ligand.sdf,7M3H_YPV_protein.pdb
YRJ,7M6K_YRJ_ligand.sdf,7M6K_YRJ_protein.pdb
Z7P,7MFP_Z7P_ligand.sdf,7MFP_Z7P_protein.pdb
ZD4,7MGT_ZD4_ligand.sdf,7MGT_ZD4_protein.pdb
ZD1,7MGY_ZD1_ligand.sdf,7MGY_ZD1_protein.pdb
ZJY,7MMH_ZJY_ligand.sdf,7MMH_ZJY_protein.pdb
HPS,7MOI_HPS_ligand.sdf,7MOI_HPS_protein.pdb
DCA,7MSR_DCA_ligand.sdf,7MSR_DCA_protein.pdb
WI5,7MWN_WI5_ligand.sdf,7MWN_WI5_protein.pdb
ZPM,7MWU_ZPM_ligand.sdf,7MWU_ZPM_protein.pdb
IPE,7MY1_IPE_ligand.sdf,7MY1_IPE_protein.pdb
ZR7,7MYU_ZR7_ligand.sdf,7MYU_ZR7_protein.pdb
ZRP,7N03_ZRP_ligand.sdf,7N03_ZRP_protein.pdb
0BK,7N4N_0BK_ligand.sdf,7N4N_0BK_protein.pdb
P4V,7N4W_P4V_ligand.sdf,7N4W_P4V_protein.pdb
0I1,7N6F_0I1_ligand.sdf,7N6F_0I1_protein.pdb
T3F,7N7B_T3F_ligand.sdf,7N7B_T3F_protein.pdb
CTP,7N7H_CTP_ligand.sdf,7N7H_CTP_protein.pdb
BYN,7NF0_BYN_ligand.sdf,7NF0_BYN_protein.pdb
4LU,7NF3_4LU_ligand.sdf,7NF3_4LU_protein.pdb
GEN,7NFB_GEN_ligand.sdf,7NFB_GEN_protein.pdb
UAW,7NGW_UAW_ligand.sdf,7NGW_UAW_protein.pdb
UJE,7NLV_UJE_ligand.sdf,7NLV_UJE_protein.pdb
UK8,7NP6_UK8_ligand.sdf,7NP6_UK8_protein.pdb
UKZ,7NPL_UKZ_ligand.sdf,7NPL_UKZ_protein.pdb
UOE,7NR8_UOE_ligand.sdf,7NR8_UOE_protein.pdb
HC4,7NSW_HC4_ligand.sdf,7NSW_HC4_protein.pdb
DCL,7NU0_DCL_ligand.sdf,7NU0_DCL_protein.pdb
GLP,7NUT_GLP_ligand.sdf,7NUT_GLP_protein.pdb
UU8,7NXO_UU8_ligand.sdf,7NXO_UU8_protein.pdb
CDP,7O0N_CDP_ligand.sdf,7O0N_CDP_protein.pdb
5X8,7O1T_5X8_ligand.sdf,7O1T_5X8_protein.pdb
DGI,7ODY_DGI_ligand.sdf,7ODY_DGI_protein.pdb
V9Z,7OEO_V9Z_ligand.sdf,7OEO_V9Z_protein.pdb
VCB,7OFF_VCB_ligand.sdf,7OFF_VCB_protein.pdb
VCH,7OFK_VCH_ligand.sdf,7OFK_VCH_protein.pdb
8HG,7OLI_8HG_ligand.sdf,7OLI_8HG_protein.pdb
CNA,7OMX_CNA_ligand.sdf,7OMX_CNA_protein.pdb
06K,7OP9_06K_ligand.sdf,7OP9_06K_protein.pdb
06N,7OPG_06N_ligand.sdf,7OPG_06N_protein.pdb
0V1,7OSO_0V1_ligand.sdf,7OSO_0V1_protein.pdb
NGK,7OZ9_NGK_ligand.sdf,7OZ9_NGK_protein.pdb
G6S,7OZC_G6S_ligand.sdf,7OZC_G6S_protein.pdb
KFN,7P1F_KFN_ligand.sdf,7P1F_KFN_protein.pdb
4IU,7P1M_4IU_ligand.sdf,7P1M_4IU_protein.pdb
MFU,7P2I_MFU_ligand.sdf,7P2I_MFU_protein.pdb
5OV,7P4C_5OV_ligand.sdf,7P4C_5OV_protein.pdb
5YG,7P5T_5YG_ligand.sdf,7P5T_5YG_protein.pdb
FMN,7PGX_FMN_ligand.sdf,7PGX_FMN_protein.pdb
7QW,7PIH_7QW_ligand.sdf,7PIH_7QW_protein.pdb
OWH,7PJQ_OWH_ligand.sdf,7PJQ_OWH_protein.pdb
BYC,7PK0_BYC_ligand.sdf,7PK0_BYC_protein.pdb
SFG,7PL1_SFG_ligand.sdf,7PL1_SFG_protein.pdb
7VZ,7POM_7VZ_ligand.sdf,7POM_7VZ_protein.pdb
7TI,7PRI_7TI_ligand.sdf,7PRI_7TI_protein.pdb
81I,7PRM_81I_ligand.sdf,7PRM_81I_protein.pdb
3KK,7PT3_3KK_ligand.sdf,7PT3_3KK_protein.pdb
84Z,7PUV_84Z_ligand.sdf,7PUV_84Z_protein.pdb
8J9,7Q25_8J9_ligand.sdf,7Q25_8J9_protein.pdb
8KC,7Q27_8KC_ligand.sdf,7Q27_8KC_protein.pdb
M6H,7Q2B_M6H_ligand.sdf,7Q2B_M6H_protein.pdb
I0F,7Q5I_I0F_ligand.sdf,7Q5I_I0F_protein.pdb
NGA,7QE4_NGA_ligand.sdf,7QE4_NGA_protein.pdb
RBF,7QF4_RBF_ligand.sdf,7QF4_RBF_protein.pdb
AY3,7QFM_AY3_ligand.sdf,7QFM_AY3_protein.pdb
DJ8,7QGP_DJ8_ligand.sdf,7QGP_DJ8_protein.pdb
T3B,7QHG_T3B_ligand.sdf,7QHG_T3B_protein.pdb
D5P,7QHL_D5P_ligand.sdf,7QHL_D5P_protein.pdb
VDX,7QPP_VDX_ligand.sdf,7QPP_VDX_protein.pdb
URI,7QTA_URI_ligand.sdf,7QTA_URI_protein.pdb
APR,7R3D_APR_ligand.sdf,7R3D_APR_protein.pdb
I5F,7R59_I5F_ligand.sdf,7R59_I5F_protein.pdb
2I7,7R6J_2I7_ligand.sdf,7R6J_2I7_protein.pdb
AWJ,7R7R_AWJ_ligand.sdf,7R7R_AWJ_protein.pdb
F97,7R9N_F97_ligand.sdf,7R9N_F97_protein.pdb
SAH,7RC3_SAH_ligand.sdf,7RC3_SAH_protein.pdb
59O,7RH3_59O_ligand.sdf,7RH3_59O_protein.pdb
5TV,7RKW_5TV_ligand.sdf,7RKW_5TV_protein.pdb
60I,7RNI_60I_ligand.sdf,7RNI_60I_protein.pdb
69X,7ROR_69X_ligand.sdf,7ROR_69X_protein.pdb
66I,7ROU_66I_ligand.sdf,7ROU_66I_protein.pdb
7IQ,7RSV_7IQ_ligand.sdf,7RSV_7IQ_protein.pdb
4UR,7RWS_4UR_ligand.sdf,7RWS_4UR_protein.pdb
NPO,7RZL_NPO_ligand.sdf,7RZL_NPO_protein.pdb
GSP,7SCW_GSP_ligand.sdf,7SCW_GSP_protein.pdb
4IP,7SDD_4IP_ligand.sdf,7SDD_4IP_protein.pdb
98L,7SFO_98L_ligand.sdf,7SFO_98L_protein.pdb
9ID,7SIU_9ID_ligand.sdf,7SIU_9ID_protein.pdb
COM,7SUC_COM_ligand.sdf,7SUC_COM_protein.pdb
DUI,7SZA_DUI_ligand.sdf,7SZA_DUI_protein.pdb
FPP,7T0D_FPP_ligand.sdf,7T0D_FPP_protein.pdb
E7K,7T1D_E7K_ligand.sdf,7T1D_E7K_protein.pdb
SLB,7T3E_SLB_ligand.sdf,7T3E_SLB_protein.pdb
UD1,7TB0_UD1_ligand.sdf,7TB0_UD1_protein.pdb
S3P,7TBU_S3P_ligand.sdf,7TBU_S3P_protein.pdb
P0T,7TE8_P0T_ligand.sdf,7TE8_P0T_protein.pdb
FFO,7TH4_FFO_ligand.sdf,7TH4_FFO_protein.pdb
PGA,7THI_PGA_ligand.sdf,7THI_PGA_protein.pdb
GPJ,7TM6_GPJ_ligand.sdf,7TM6_GPJ_protein.pdb
5AD,7TOM_5AD_ligand.sdf,7TOM_5AD_protein.pdb
KMI,7TS6_KMI_ligand.sdf,7TS6_KMI_protein.pdb
H4B,7TSF_H4B_ligand.sdf,7TSF_H4B_protein.pdb
KL9,7TUO_KL9_ligand.sdf,7TUO_KL9_protein.pdb
LW8,7TXK_LW8_ligand.sdf,7TXK_LW8_protein.pdb
KUR,7TYP_KUR_ligand.sdf,7TYP_KUR_protein.pdb
FK5,7U0U_FK5_ligand.sdf,7U0U_FK5_protein.pdb
L6U,7U3J_L6U_ligand.sdf,7U3J_L6U_protein.pdb
MBU,7UAS_MBU_ligand.sdf,7UAS_MBU_protein.pdb
MF6,7UAW_MF6_ligand.sdf,7UAW_MF6_protein.pdb
OQ4,7UJ4_OQ4_ligand.sdf,7UJ4_OQ4_protein.pdb
DGL,7UJ5_DGL_ligand.sdf,7UJ5_DGL_protein.pdb
R3V,7UJF_R3V_ligand.sdf,7UJF_R3V_protein.pdb
56B,7ULC_56B_ligand.sdf,7ULC_56B_protein.pdb
NAD,7UMW_NAD_ligand.sdf,7UMW_NAD_protein.pdb
O2U,7UQ3_O2U_ligand.sdf,7UQ3_O2U_protein.pdb
82V,7USH_82V_ligand.sdf,7USH_82V_protein.pdb
NAI,7UTW_NAI_ligand.sdf,7UTW_NAI_protein.pdb
OJC,7UXS_OJC_ligand.sdf,7UXS_OJC_protein.pdb
SMI,7UY4_SMI_ligand.sdf,7UY4_SMI_protein.pdb
OK0,7UYB_OK0_ligand.sdf,7UYB_OK0_protein.pdb
ORU,7V14_ORU_ligand.sdf,7V14_ORU_protein.pdb
AKG,7V3N_AKG_ligand.sdf,7V3N_AKG_protein.pdb
5I9,7V3S_5I9_ligand.sdf,7V3S_5I9_protein.pdb
C4O,7V43_C4O_ligand.sdf,7V43_C4O_protein.pdb
STL,7VB8_STL_ligand.sdf,7VB8_STL_protein.pdb
6I4,7VBU_6I4_ligand.sdf,7VBU_6I4_protein.pdb
9SF,7VC5_9SF_ligand.sdf,7VC5_9SF_protein.pdb
NOJ,7VKZ_NOJ_ligand.sdf,7VKZ_NOJ_protein.pdb
ISY,7VQ9_ISY_ligand.sdf,7VQ9_ISY_protein.pdb
K55,7VWF_K55_ligand.sdf,7VWF_K55_protein.pdb
CA0,7VYJ_CA0_ligand.sdf,7VYJ_CA0_protein.pdb
GMP,7W05_GMP_ligand.sdf,7W05_GMP_protein.pdb
ITN,7W06_ITN_ligand.sdf,7W06_ITN_protein.pdb
ACP,7WCF_ACP_ligand.sdf,7WCF_ACP_protein.pdb
NGS,7WDT_NGS_ligand.sdf,7WDT_NGS_protein.pdb
BGC,7WJB_BGC_ligand.sdf,7WJB_BGC_protein.pdb
CAQ,7WKL_CAQ_ligand.sdf,7WKL_CAQ_protein.pdb
JFU,7WL4_JFU_ligand.sdf,7WL4_JFU_protein.pdb
F15,7WPW_F15_ligand.sdf,7WPW_F15_protein.pdb
5Z6,7WQQ_5Z6_ligand.sdf,7WQQ_5Z6_protein.pdb
6OI,7WUX_6OI_ligand.sdf,7WUX_6OI_protein.pdb
76N,7WUY_76N_ligand.sdf,7WUY_76N_protein.pdb
D0L,7WY1_D0L_ligand.sdf,7WY1_D0L_protein.pdb
5M5,7X5N_5M5_ligand.sdf,7X5N_5M5_protein.pdb
8OG,7X9K_8OG_ligand.sdf,7X9K_8OG_protein.pdb
APC,7XBV_APC_ligand.sdf,7XBV_APC_protein.pdb
D9J,7XFA_D9J_ligand.sdf,7XFA_D9J_protein.pdb
PLP,7XG5_PLP_ligand.sdf,7XG5_PLP_protein.pdb
4RI,7XI7_4RI_ligand.sdf,7XI7_4RI_protein.pdb
NSD,7XJN_NSD_ligand.sdf,7XJN_NSD_protein.pdb
UPG,7XPO_UPG_ligand.sdf,7XPO_UPG_protein.pdb
FPF,7XQZ_FPF_ligand.sdf,7XQZ_FPF_protein.pdb
FWK,7XRL_FWK_ligand.sdf,7XRL_FWK_protein.pdb
DO7,7YZU_DO7_ligand.sdf,7YZU_DO7_protein.pdb
NIO,7Z1Q_NIO_ligand.sdf,7Z1Q_NIO_protein.pdb
IAJ,7Z2O_IAJ_ligand.sdf,7Z2O_IAJ_protein.pdb
IF3,7Z7F_IF3_ligand.sdf,7Z7F_IF3_protein.pdb
OGA,7ZCC_OGA_ligand.sdf,7ZCC_OGA_protein.pdb
6MJ,7ZDY_6MJ_ligand.sdf,7ZDY_6MJ_protein.pdb
DHR,7ZF0_DHR_ligand.sdf,7ZF0_DHR_protein.pdb
IQY,7ZHP_IQY_ligand.sdf,7ZHP_IQY_protein.pdb
IWE,7ZL5_IWE_ligand.sdf,7ZL5_IWE_protein.pdb
T8E,7ZOC_T8E_ligand.sdf,7ZOC_T8E_protein.pdb
BCN,7ZTL_BCN_ligand.sdf,7ZTL_BCN_protein.pdb
DHT,7ZU2_DHT_ligand.sdf,7ZU2_DHT_protein.pdb
45D,7ZXV_45D_ligand.sdf,7ZXV_45D_protein.pdb
KKW,7ZZW_KKW_ligand.sdf,7ZZW_KKW_protein.pdb
DLZ,8A1H_DLZ_ligand.sdf,8A1H_DLZ_protein.pdb
KXY,8A2D_KXY_ligand.sdf,8A2D_KXY_protein.pdb
LH0,8AAU_LH0_ligand.sdf,8AAU_LH0_protein.pdb
LVF,8AEM_LVF_ligand.sdf,8AEM_LVF_protein.pdb
M7L,8AIE_M7L_ligand.sdf,8AIE_M7L_protein.pdb
PRP,8AP0_PRP_ligand.sdf,8AP0_PRP_protein.pdb
PLG,8AQL_PLG_ligand.sdf,8AQL_PLG_protein.pdb
L9I,8AUH_L9I_ligand.sdf,8AUH_L9I_protein.pdb
OE3,8AY3_OE3_ligand.sdf,8AY3_OE3_protein.pdb
OJQ,8B8H_OJQ_ligand.sdf,8B8H_OJQ_protein.pdb
QU6,8BOM_QU6_ligand.sdf,8BOM_QU6_protein.pdb
RFO,8BTI_RFO_ligand.sdf,8BTI_RFO_protein.pdb
ADP,8C3N_ADP_ligand.sdf,8C3N_ADP_protein.pdb
MTA,8C5M_MTA_ligand.sdf,8C5M_MTA_protein.pdb
V6U,8CNH_V6U_ligand.sdf,8CNH_V6U_protein.pdb
C5P,8CSD_C5P_ligand.sdf,8CSD_C5P_protein.pdb
GSH,8D19_GSH_ligand.sdf,8D19_GSH_protein.pdb
QDB,8D39_QDB_ligand.sdf,8D39_QDB_protein.pdb
5DK,8D5D_5DK_ligand.sdf,8D5D_5DK_protein.pdb
T78,8DHG_T78_ligand.sdf,8DHG_T78_protein.pdb
TFB,8DKO_TFB_ligand.sdf,8DKO_TFB_protein.pdb
UMA,8DP2_UMA_ligand.sdf,8DP2_UMA_protein.pdb
NCA,8DSC_NCA_ligand.sdf,8DSC_NCA_protein.pdb
VN2,8EAB_VN2_ligand.sdf,8EAB_VN2_protein.pdb
Q2Q,8EX2_Q2Q_ligand.sdf,8EX2_Q2Q_protein.pdb
799,8EXL_799_ligand.sdf,8EXL_799_protein.pdb
X4I,8EYE_X4I_ligand.sdf,8EYE_X4I_protein.pdb
PHO,8F4J_PHO_ligand.sdf,8F4J_PHO_protein.pdb
XJI,8F8E_XJI_ligand.sdf,8F8E_XJI_protein.pdb
4Y5,8FAV_4Y5_ligand.sdf,8FAV_4Y5_protein.pdb
ZB9,8FLV_ZB9_ligand.sdf,8FLV_ZB9_protein.pdb
Y4U,8FO5_Y4U_ligand.sdf,8FO5_Y4U_protein.pdb
YHT,8G0V_YHT_ligand.sdf,8G0V_YHT_protein.pdb
API,8G6P_API_ligand.sdf,8G6P_API_protein.pdb
ZHR,8GFD_ZHR_ligand.sdf,8GFD_ZHR_protein.pdb
XGC,8HFN_XGC_ligand.sdf,8HFN_XGC_protein.pdb
3ZI,8HO0_3ZI_ligand.sdf,8HO0_3ZI_protein.pdb
G5A,8SLG_G5A_ligand.sdf,8SLG_G5A_protein.pdb
