complex_name,experimental_protein,ligand
4jdf_SPD_A_401,/home/bdldt_team005/DLDockingBenchSeminar/data/proto_test/4jdf_SPD_A_401_protein_refined.pdb,/home/bdldt_team005/DLDockingBenchSeminar/data/proto_test/4jdf_SPD_A_401_ligand_refined.sdf
5ree_T1M_A_404,/home/bdldt_team005/DLDockingBenchSeminar/data/proto_test/5ree_T1M_A_404_protein_refined.pdb,/home/bdldt_team005/DLDockingBenchSeminar/data/proto_test/5ree_T1M_A_404_ligand_refined.sdf
5s75_LU8_B_501,/home/bdldt_team005/DLDockingBenchSeminar/data/proto_test/5s75_LU8_B_501_protein_refined.pdb,/home/bdldt_team005/DLDockingBenchSeminar/data/proto_test/5s75_LU8_B_501_ligand_refined.sdf
5s75_LU8_A_508,/home/bdldt_team005/DLDockingBenchSeminar/data/proto_test/5s75_LU8_A_508_protein_refined.pdb,/home/bdldt_team005/DLDockingBenchSeminar/data/proto_test/5s75_LU8_A_508_ligand_refined.sdf
5s75_LU8_A_509,/home/bdldt_team005/DLDockingBenchSeminar/data/proto_test/5s75_LU8_A_509_protein_refined.pdb,/home/bdldt_team005/DLDockingBenchSeminar/data/proto_test/5s75_LU8_A_509_ligand_refined.sdf
5s75_LU8_A_501,/home/bdldt_team005/DLDockingBenchSeminar/data/proto_test/5s75_LU8_A_501_protein_refined.pdb,/home/bdldt_team005/DLDockingBenchSeminar/data/proto_test/5s75_LU8_A_501_ligand_refined.sdf
5s76_LU8_A_508,/home/bdldt_team005/DLDockingBenchSeminar/data/proto_test/5s76_LU8_A_508_protein_refined.pdb,/home/bdldt_team005/DLDockingBenchSeminar/data/proto_test/5s76_LU8_A_508_ligand_refined.sdf
5s76_LU8_B_501,/home/bdldt_team005/DLDockingBenchSeminar/data/proto_test/5s76_LU8_B_501_protein_refined.pdb,/home/bdldt_team005/DLDockingBenchSeminar/data/proto_test/5s76_LU8_B_501_ligand_refined.sdf
5s76_LU8_A_501,/home/bdldt_team005/DLDockingBenchSeminar/data/proto_test/5s76_LU8_A_501_protein_refined.pdb,/home/bdldt_team005/DLDockingBenchSeminar/data/proto_test/5s76_LU8_A_501_ligand_refined.sdf
5s76_LU8_A_507,/home/bdldt_team005/DLDockingBenchSeminar/data/proto_test/5s76_LU8_A_507_protein_refined.pdb,/home/bdldt_team005/DLDockingBenchSeminar/data/proto_test/5s76_LU8_A_507_ligand_refined.sdf
5s77_LU8_A_501,/home/bdldt_team005/DLDockingBenchSeminar/data/proto_test/5s77_LU8_A_501_protein_refined.pdb,/home/bdldt_team005/DLDockingBenchSeminar/data/proto_test/5s77_LU8_A_501_ligand_refined.sdf
5s77_LU8_A_509,/home/bdldt_team005/DLDockingBenchSeminar/data/proto_test/5s77_LU8_A_509_protein_refined.pdb,/home/bdldt_team005/DLDockingBenchSeminar/data/proto_test/5s77_LU8_A_509_ligand_refined.sdf
5s77_LU8_A_508,/home/bdldt_team005/DLDockingBenchSeminar/data/proto_test/5s77_LU8_A_508_protein_refined.pdb,/home/bdldt_team005/DLDockingBenchSeminar/data/proto_test/5s77_LU8_A_508_ligand_refined.sdf
5s77_LU8_B_501,/home/bdldt_team005/DLDockingBenchSeminar/data/proto_test/5s77_LU8_B_501_protein_refined.pdb,/home/bdldt_team005/DLDockingBenchSeminar/data/proto_test/5s77_LU8_B_501_ligand_refined.sdf
5s78_LU8_A_501,/home/bdldt_team005/DLDockingBenchSeminar/data/proto_test/5s78_LU8_A_501_protein_refined.pdb,/home/bdldt_team005/DLDockingBenchSeminar/data/proto_test/5s78_LU8_A_501_ligand_refined.sdf
5s78_LU8_A_506,/home/bdldt_team005/DLDockingBenchSeminar/data/proto_test/5s78_LU8_A_506_protein_refined.pdb,/home/bdldt_team005/DLDockingBenchSeminar/data/proto_test/5s78_LU8_A_506_ligand_refined.sdf
5s78_LU8_B_501,/home/bdldt_team005/DLDockingBenchSeminar/data/proto_test/5s78_LU8_B_501_protein_refined.pdb,/home/bdldt_team005/DLDockingBenchSeminar/data/proto_test/5s78_LU8_B_501_ligand_refined.sdf
5s79_LU8_A_501,/home/bdldt_team005/DLDockingBenchSeminar/data/proto_test/5s79_LU8_A_501_protein_refined.pdb,/home/bdldt_team005/DLDockingBenchSeminar/data/proto_test/5s79_LU8_A_501_ligand_refined.sdf
5s79_LU8_A_507,/home/bdldt_team005/DLDockingBenchSeminar/data/proto_test/5s79_LU8_A_507_protein_refined.pdb,/home/bdldt_team005/DLDockingBenchSeminar/data/proto_test/5s79_LU8_A_507_ligand_refined.sdf
5s79_LU8_B_501,/home/bdldt_team005/DLDockingBenchSeminar/data/proto_test/5s79_LU8_B_501_protein_refined.pdb,/home/bdldt_team005/DLDockingBenchSeminar/data/proto_test/5s79_LU8_B_501_ligand_refined.sdf
5s7a_LU8_A_507,/home/bdldt_team005/DLDockingBenchSeminar/data/proto_test/5s7a_LU8_A_507_protein_refined.pdb,/home/bdldt_team005/DLDockingBenchSeminar/data/proto_test/5s7a_LU8_A_507_ligand_refined.sdf
5s7a_LU8_A_501,/home/bdldt_team005/DLDockingBenchSeminar/data/proto_test/5s7a_LU8_A_501_protein_refined.pdb,/home/bdldt_team005/DLDockingBenchSeminar/data/proto_test/5s7a_LU8_A_501_ligand_refined.sdf
5s7a_LU8_A_508,/home/bdldt_team005/DLDockingBenchSeminar/data/proto_test/5s7a_LU8_A_508_protein_refined.pdb,/home/bdldt_team005/DLDockingBenchSeminar/data/proto_test/5s7a_LU8_A_508_ligand_refined.sdf
5s7a_LU8_B_501,/home/bdldt_team005/DLDockingBenchSeminar/data/proto_test/5s7a_LU8_B_501_protein_refined.pdb,/home/bdldt_team005/DLDockingBenchSeminar/data/proto_test/5s7a_LU8_B_501_ligand_refined.sdf
5s7b_LU8_A_507,/home/bdldt_team005/DLDockingBenchSeminar/data/proto_test/5s7b_LU8_A_507_protein_refined.pdb,/home/bdldt_team005/DLDockingBenchSeminar/data/proto_test/5s7b_LU8_A_507_ligand_refined.sdf
5s7b_LU8_B_501,/home/bdldt_team005/DLDockingBenchSeminar/data/proto_test/5s7b_LU8_B_501_protein_refined.pdb,/home/bdldt_team005/DLDockingBenchSeminar/data/proto_test/5s7b_LU8_B_501_ligand_refined.sdf
5s7b_LU8_A_508,/home/bdldt_team005/DLDockingBenchSeminar/data/proto_test/5s7b_LU8_A_508_protein_refined.pdb,/home/bdldt_team005/DLDockingBenchSeminar/data/proto_test/5s7b_LU8_A_508_ligand_refined.sdf
5s7b_LU8_A_501,/home/bdldt_team005/DLDockingBenchSeminar/data/proto_test/5s7b_LU8_A_501_protein_refined.pdb,/home/bdldt_team005/DLDockingBenchSeminar/data/proto_test/5s7b_LU8_A_501_ligand_refined.sdf
5s7c_LU8_A_501,/home/bdldt_team005/DLDockingBenchSeminar/data/proto_test/5s7c_LU8_A_501_protein_refined.pdb,/home/bdldt_team005/DLDockingBenchSeminar/data/proto_test/5s7c_LU8_A_501_ligand_refined.sdf
5s7c_LU8_B_501,/home/bdldt_team005/DLDockingBenchSeminar/data/proto_test/5s7c_LU8_B_501_protein_refined.pdb,/home/bdldt_team005/DLDockingBenchSeminar/data/proto_test/5s7c_LU8_B_501_ligand_refined.sdf
5s7c_LU8_A_507,/home/bdldt_team005/DLDockingBenchSeminar/data/proto_test/5s7c_LU8_A_507_protein_refined.pdb,/home/bdldt_team005/DLDockingBenchSeminar/data/proto_test/5s7c_LU8_A_507_ligand_refined.sdf
5s7d_LU8_A_501,/home/bdldt_team005/DLDockingBenchSeminar/data/proto_test/5s7d_LU8_A_501_protein_refined.pdb,/home/bdldt_team005/DLDockingBenchSeminar/data/proto_test/5s7d_LU8_A_501_ligand_refined.sdf
5s7d_LU8_A_509,/home/bdldt_team005/DLDockingBenchSeminar/data/proto_test/5s7d_LU8_A_509_protein_refined.pdb,/home/bdldt_team005/DLDockingBenchSeminar/data/proto_test/5s7d_LU8_A_509_ligand_refined.sdf
5s7d_LU8_A_508,/home/bdldt_team005/DLDockingBenchSeminar/data/proto_test/5s7d_LU8_A_508_protein_refined.pdb,/home/bdldt_team005/DLDockingBenchSeminar/data/proto_test/5s7d_LU8_A_508_ligand_refined.sdf
5s7d_LU8_B_501,/home/bdldt_team005/DLDockingBenchSeminar/data/proto_test/5s7d_LU8_B_501_protein_refined.pdb,/home/bdldt_team005/DLDockingBenchSeminar/data/proto_test/5s7d_LU8_B_501_ligand_refined.sdf
5s7e_LU8_B_501,/home/bdldt_team005/DLDockingBenchSeminar/data/proto_test/5s7e_LU8_B_501_protein_refined.pdb,/home/bdldt_team005/DLDockingBenchSeminar/data/proto_test/5s7e_LU8_B_501_ligand_refined.sdf
5s7e_LU8_A_501,/home/bdldt_team005/DLDockingBenchSeminar/data/proto_test/5s7e_LU8_A_501_protein_refined.pdb,/home/bdldt_team005/DLDockingBenchSeminar/data/proto_test/5s7e_LU8_A_501_ligand_refined.sdf
5s7f_LU8_A_508,/home/bdldt_team005/DLDockingBenchSeminar/data/proto_test/5s7f_LU8_A_508_protein_refined.pdb,/home/bdldt_team005/DLDockingBenchSeminar/data/proto_test/5s7f_LU8_A_508_ligand_refined.sdf
5s7f_LU8_A_509,/home/bdldt_team005/DLDockingBenchSeminar/data/proto_test/5s7f_LU8_A_509_protein_refined.pdb,/home/bdldt_team005/DLDockingBenchSeminar/data/proto_test/5s7f_LU8_A_509_ligand_refined.sdf
5s7f_LU8_A_501,/home/bdldt_team005/DLDockingBenchSeminar/data/proto_test/5s7f_LU8_A_501_protein_refined.pdb,/home/bdldt_team005/DLDockingBenchSeminar/data/proto_test/5s7f_LU8_A_501_ligand_refined.sdf
5s7f_LU8_B_501,/home/bdldt_team005/DLDockingBenchSeminar/data/proto_test/5s7f_LU8_B_501_protein_refined.pdb,/home/bdldt_team005/DLDockingBenchSeminar/data/proto_test/5s7f_LU8_B_501_ligand_refined.sdf
5s7g_LU8_A_501,/home/bdldt_team005/DLDockingBenchSeminar/data/proto_test/5s7g_LU8_A_501_protein_refined.pdb,/home/bdldt_team005/DLDockingBenchSeminar/data/proto_test/5s7g_LU8_A_501_ligand_refined.sdf
5s7g_LU8_B_501,/home/bdldt_team005/DLDockingBenchSeminar/data/proto_test/5s7g_LU8_B_501_protein_refined.pdb,/home/bdldt_team005/DLDockingBenchSeminar/data/proto_test/5s7g_LU8_B_501_ligand_refined.sdf
5s7h_LU8_B_501,/home/bdldt_team005/DLDockingBenchSeminar/data/proto_test/5s7h_LU8_B_501_protein_refined.pdb,/home/bdldt_team005/DLDockingBenchSeminar/data/proto_test/5s7h_LU8_B_501_ligand_refined.sdf
5s7h_LU8_A_507,/home/bdldt_team005/DLDockingBenchSeminar/data/proto_test/5s7h_LU8_A_507_protein_refined.pdb,/home/bdldt_team005/DLDockingBenchSeminar/data/proto_test/5s7h_LU8_A_507_ligand_refined.sdf
5s7h_LU8_A_501,/home/bdldt_team005/DLDockingBenchSeminar/data/proto_test/5s7h_LU8_A_501_protein_refined.pdb,/home/bdldt_team005/DLDockingBenchSeminar/data/proto_test/5s7h_LU8_A_501_ligand_refined.sdf
5s7h_LU8_A_508,/home/bdldt_team005/DLDockingBenchSeminar/data/proto_test/5s7h_LU8_A_508_protein_refined.pdb,/home/bdldt_team005/DLDockingBenchSeminar/data/proto_test/5s7h_LU8_A_508_ligand_refined.sdf
5s7i_LU8_A_508,/home/bdldt_team005/DLDockingBenchSeminar/data/proto_test/5s7i_LU8_A_508_protein_refined.pdb,/home/bdldt_team005/DLDockingBenchSeminar/data/proto_test/5s7i_LU8_A_508_ligand_refined.sdf
5s7i_LU8_A_507,/home/bdldt_team005/DLDockingBenchSeminar/data/proto_test/5s7i_LU8_A_507_protein_refined.pdb,/home/bdldt_team005/DLDockingBenchSeminar/data/proto_test/5s7i_LU8_A_507_ligand_refined.sdf
5s7i_LU8_B_501,/home/bdldt_team005/DLDockingBenchSeminar/data/proto_test/5s7i_LU8_B_501_protein_refined.pdb,/home/bdldt_team005/DLDockingBenchSeminar/data/proto_test/5s7i_LU8_B_501_ligand_refined.sdf
5s7i_LU8_A_501,/home/bdldt_team005/DLDockingBenchSeminar/data/proto_test/5s7i_LU8_A_501_protein_refined.pdb,/home/bdldt_team005/DLDockingBenchSeminar/data/proto_test/5s7i_LU8_A_501_ligand_refined.sdf
5s7j_LU8_A_501,/home/bdldt_team005/DLDockingBenchSeminar/data/proto_test/5s7j_LU8_A_501_protein_refined.pdb,/home/bdldt_team005/DLDockingBenchSeminar/data/proto_test/5s7j_LU8_A_501_ligand_refined.sdf
5s7j_LU8_B_501,/home/bdldt_team005/DLDockingBenchSeminar/data/proto_test/5s7j_LU8_B_501_protein_refined.pdb,/home/bdldt_team005/DLDockingBenchSeminar/data/proto_test/5s7j_LU8_B_501_ligand_refined.sdf
5s7k_LU8_A_501,/home/bdldt_team005/DLDockingBenchSeminar/data/proto_test/5s7k_LU8_A_501_protein_refined.pdb,/home/bdldt_team005/DLDockingBenchSeminar/data/proto_test/5s7k_LU8_A_501_ligand_refined.sdf
5s7k_LU8_A_507,/home/bdldt_team005/DLDockingBenchSeminar/data/proto_test/5s7k_LU8_A_507_protein_refined.pdb,/home/bdldt_team005/DLDockingBenchSeminar/data/proto_test/5s7k_LU8_A_507_ligand_refined.sdf
5s7k_LU8_A_506,/home/bdldt_team005/DLDockingBenchSeminar/data/proto_test/5s7k_LU8_A_506_protein_refined.pdb,/home/bdldt_team005/DLDockingBenchSeminar/data/proto_test/5s7k_LU8_A_506_ligand_refined.sdf
5s7k_LU8_B_501,/home/bdldt_team005/DLDockingBenchSeminar/data/proto_test/5s7k_LU8_B_501_protein_refined.pdb,/home/bdldt_team005/DLDockingBenchSeminar/data/proto_test/5s7k_LU8_B_501_ligand_refined.sdf
5s7l_LU8_A_507,/home/bdldt_team005/DLDockingBenchSeminar/data/proto_test/5s7l_LU8_A_507_protein_refined.pdb,/home/bdldt_team005/DLDockingBenchSeminar/data/proto_test/5s7l_LU8_A_507_ligand_refined.sdf
5s7l_LU8_A_501,/home/bdldt_team005/DLDockingBenchSeminar/data/proto_test/5s7l_LU8_A_501_protein_refined.pdb,/home/bdldt_team005/DLDockingBenchSeminar/data/proto_test/5s7l_LU8_A_501_ligand_refined.sdf
5s7l_LU8_B_501,/home/bdldt_team005/DLDockingBenchSeminar/data/proto_test/5s7l_LU8_B_501_protein_refined.pdb,/home/bdldt_team005/DLDockingBenchSeminar/data/proto_test/5s7l_LU8_B_501_ligand_refined.sdf
5s7m_LU8_A_501,/home/bdldt_team005/DLDockingBenchSeminar/data/proto_test/5s7m_LU8_A_501_protein_refined.pdb,/home/bdldt_team005/DLDockingBenchSeminar/data/proto_test/5s7m_LU8_A_501_ligand_refined.sdf
5s7m_LU8_B_501,/home/bdldt_team005/DLDockingBenchSeminar/data/proto_test/5s7m_LU8_B_501_protein_refined.pdb,/home/bdldt_team005/DLDockingBenchSeminar/data/proto_test/5s7m_LU8_B_501_ligand_refined.sdf
5s7n_LU8_B_501,/home/bdldt_team005/DLDockingBenchSeminar/data/proto_test/5s7n_LU8_B_501_protein_refined.pdb,/home/bdldt_team005/DLDockingBenchSeminar/data/proto_test/5s7n_LU8_B_501_ligand_refined.sdf
5s7n_LU8_A_501,/home/bdldt_team005/DLDockingBenchSeminar/data/proto_test/5s7n_LU8_A_501_protein_refined.pdb,/home/bdldt_team005/DLDockingBenchSeminar/data/proto_test/5s7n_LU8_A_501_ligand_refined.sdf
5s7n_LU8_A_507,/home/bdldt_team005/DLDockingBenchSeminar/data/proto_test/5s7n_LU8_A_507_protein_refined.pdb,/home/bdldt_team005/DLDockingBenchSeminar/data/proto_test/5s7n_LU8_A_507_ligand_refined.sdf
5s7n_LU8_A_508,/home/bdldt_team005/DLDockingBenchSeminar/data/proto_test/5s7n_LU8_A_508_protein_refined.pdb,/home/bdldt_team005/DLDockingBenchSeminar/data/proto_test/5s7n_LU8_A_508_ligand_refined.sdf
5s7o_LU8_A_508,/home/bdldt_team005/DLDockingBenchSeminar/data/proto_test/5s7o_LU8_A_508_protein_refined.pdb,/home/bdldt_team005/DLDockingBenchSeminar/data/proto_test/5s7o_LU8_A_508_ligand_refined.sdf
5s7o_LU8_A_507,/home/bdldt_team005/DLDockingBenchSeminar/data/proto_test/5s7o_LU8_A_507_protein_refined.pdb,/home/bdldt_team005/DLDockingBenchSeminar/data/proto_test/5s7o_LU8_A_507_ligand_refined.sdf
5s7o_LU8_A_501,/home/bdldt_team005/DLDockingBenchSeminar/data/proto_test/5s7o_LU8_A_501_protein_refined.pdb,/home/bdldt_team005/DLDockingBenchSeminar/data/proto_test/5s7o_LU8_A_501_ligand_refined.sdf
5s7o_LU8_B_501,/home/bdldt_team005/DLDockingBenchSeminar/data/proto_test/5s7o_LU8_B_501_protein_refined.pdb,/home/bdldt_team005/DLDockingBenchSeminar/data/proto_test/5s7o_LU8_B_501_ligand_refined.sdf
5s7p_LU8_A_508,/home/bdldt_team005/DLDockingBenchSeminar/data/proto_test/5s7p_LU8_A_508_protein_refined.pdb,/home/bdldt_team005/DLDockingBenchSeminar/data/proto_test/5s7p_LU8_A_508_ligand_refined.sdf
5s7p_LU8_B_501,/home/bdldt_team005/DLDockingBenchSeminar/data/proto_test/5s7p_LU8_B_501_protein_refined.pdb,/home/bdldt_team005/DLDockingBenchSeminar/data/proto_test/5s7p_LU8_B_501_ligand_refined.sdf
5s7p_LU8_A_507,/home/bdldt_team005/DLDockingBenchSeminar/data/proto_test/5s7p_LU8_A_507_protein_refined.pdb,/home/bdldt_team005/DLDockingBenchSeminar/data/proto_test/5s7p_LU8_A_507_ligand_refined.sdf
5s7p_LU8_A_501,/home/bdldt_team005/DLDockingBenchSeminar/data/proto_test/5s7p_LU8_A_501_protein_refined.pdb,/home/bdldt_team005/DLDockingBenchSeminar/data/proto_test/5s7p_LU8_A_501_ligand_refined.sdf
5s7q_LU8_A_508,/home/bdldt_team005/DLDockingBenchSeminar/data/proto_test/5s7q_LU8_A_508_protein_refined.pdb,/home/bdldt_team005/DLDockingBenchSeminar/data/proto_test/5s7q_LU8_A_508_ligand_refined.sdf
5s7q_LU8_A_507,/home/bdldt_team005/DLDockingBenchSeminar/data/proto_test/5s7q_LU8_A_507_protein_refined.pdb,/home/bdldt_team005/DLDockingBenchSeminar/data/proto_test/5s7q_LU8_A_507_ligand_refined.sdf
5s7q_LU8_A_501,/home/bdldt_team005/DLDockingBenchSeminar/data/proto_test/5s7q_LU8_A_501_protein_refined.pdb,/home/bdldt_team005/DLDockingBenchSeminar/data/proto_test/5s7q_LU8_A_501_ligand_refined.sdf
5s7q_LU8_B_1802,/home/bdldt_team005/DLDockingBenchSeminar/data/proto_test/5s7q_LU8_B_1802_protein_refined.pdb,/home/bdldt_team005/DLDockingBenchSeminar/data/proto_test/5s7q_LU8_B_1802_ligand_refined.sdf
5s7r_LU8_A_501,/home/bdldt_team005/DLDockingBenchSeminar/data/proto_test/5s7r_LU8_A_501_protein_refined.pdb,/home/bdldt_team005/DLDockingBenchSeminar/data/proto_test/5s7r_LU8_A_501_ligand_refined.sdf
5s7r_LU8_A_508,/home/bdldt_team005/DLDockingBenchSeminar/data/proto_test/5s7r_LU8_A_508_protein_refined.pdb,/home/bdldt_team005/DLDockingBenchSeminar/data/proto_test/5s7r_LU8_A_508_ligand_refined.sdf
5s7r_LU8_A_507,/home/bdldt_team005/DLDockingBenchSeminar/data/proto_test/5s7r_LU8_A_507_protein_refined.pdb,/home/bdldt_team005/DLDockingBenchSeminar/data/proto_test/5s7r_LU8_A_507_ligand_refined.sdf
5s7r_LU8_B_501,/home/bdldt_team005/DLDockingBenchSeminar/data/proto_test/5s7r_LU8_B_501_protein_refined.pdb,/home/bdldt_team005/DLDockingBenchSeminar/data/proto_test/5s7r_LU8_B_501_ligand_refined.sdf
5s7s_LU8_B_501,/home/bdldt_team005/DLDockingBenchSeminar/data/proto_test/5s7s_LU8_B_501_protein_refined.pdb,/home/bdldt_team005/DLDockingBenchSeminar/data/proto_test/5s7s_LU8_B_501_ligand_refined.sdf
5s7s_LU8_A_501,/home/bdldt_team005/DLDockingBenchSeminar/data/proto_test/5s7s_LU8_A_501_protein_refined.pdb,/home/bdldt_team005/DLDockingBenchSeminar/data/proto_test/5s7s_LU8_A_501_ligand_refined.sdf
5s7s_LU8_A_508,/home/bdldt_team005/DLDockingBenchSeminar/data/proto_test/5s7s_LU8_A_508_protein_refined.pdb,/home/bdldt_team005/DLDockingBenchSeminar/data/proto_test/5s7s_LU8_A_508_ligand_refined.sdf
5s7s_LU8_A_509,/home/bdldt_team005/DLDockingBenchSeminar/data/proto_test/5s7s_LU8_A_509_protein_refined.pdb,/home/bdldt_team005/DLDockingBenchSeminar/data/proto_test/5s7s_LU8_A_509_ligand_refined.sdf
5s7t_LU8_A_507,/home/bdldt_team005/DLDockingBenchSeminar/data/proto_test/5s7t_LU8_A_507_protein_refined.pdb,/home/bdldt_team005/DLDockingBenchSeminar/data/proto_test/5s7t_LU8_A_507_ligand_refined.sdf
5s7t_LU8_A_501,/home/bdldt_team005/DLDockingBenchSeminar/data/proto_test/5s7t_LU8_A_501_protein_refined.pdb,/home/bdldt_team005/DLDockingBenchSeminar/data/proto_test/5s7t_LU8_A_501_ligand_refined.sdf
5s7t_LU8_A_508,/home/bdldt_team005/DLDockingBenchSeminar/data/proto_test/5s7t_LU8_A_508_protein_refined.pdb,/home/bdldt_team005/DLDockingBenchSeminar/data/proto_test/5s7t_LU8_A_508_ligand_refined.sdf
5s7t_LU8_B_501,/home/bdldt_team005/DLDockingBenchSeminar/data/proto_test/5s7t_LU8_B_501_protein_refined.pdb,/home/bdldt_team005/DLDockingBenchSeminar/data/proto_test/5s7t_LU8_B_501_ligand_refined.sdf
5s7u_LU8_A_508,/home/bdldt_team005/DLDockingBenchSeminar/data/proto_test/5s7u_LU8_A_508_protein_refined.pdb,/home/bdldt_team005/DLDockingBenchSeminar/data/proto_test/5s7u_LU8_A_508_ligand_refined.sdf
5s7u_LU8_A_507,/home/bdldt_team005/DLDockingBenchSeminar/data/proto_test/5s7u_LU8_A_507_protein_refined.pdb,/home/bdldt_team005/DLDockingBenchSeminar/data/proto_test/5s7u_LU8_A_507_ligand_refined.sdf
5s7u_LU8_A_501,/home/bdldt_team005/DLDockingBenchSeminar/data/proto_test/5s7u_LU8_A_501_protein_refined.pdb,/home/bdldt_team005/DLDockingBenchSeminar/data/proto_test/5s7u_LU8_A_501_ligand_refined.sdf
5s7u_LU8_B_501,/home/bdldt_team005/DLDockingBenchSeminar/data/proto_test/5s7u_LU8_B_501_protein_refined.pdb,/home/bdldt_team005/DLDockingBenchSeminar/data/proto_test/5s7u_LU8_B_501_ligand_refined.sdf
5s7v_LU8_B_501,/home/bdldt_team005/DLDockingBenchSeminar/data/proto_test/5s7v_LU8_B_501_protein_refined.pdb,/home/bdldt_team005/DLDockingBenchSeminar/data/proto_test/5s7v_LU8_B_501_ligand_refined.sdf
5s7v_LU8_A_507,/home/bdldt_team005/DLDockingBenchSeminar/data/proto_test/5s7v_LU8_A_507_protein_refined.pdb,/home/bdldt_team005/DLDockingBenchSeminar/data/proto_test/5s7v_LU8_A_507_ligand_refined.sdf
5s7v_LU8_A_501,/home/bdldt_team005/DLDockingBenchSeminar/data/proto_test/5s7v_LU8_A_501_protein_refined.pdb,/home/bdldt_team005/DLDockingBenchSeminar/data/proto_test/5s7v_LU8_A_501_ligand_refined.sdf
5s7v_LU8_A_508,/home/bdldt_team005/DLDockingBenchSeminar/data/proto_test/5s7v_LU8_A_508_protein_refined.pdb,/home/bdldt_team005/DLDockingBenchSeminar/data/proto_test/5s7v_LU8_A_508_ligand_refined.sdf
5s7w_LU8_A_507,/home/bdldt_team005/DLDockingBenchSeminar/data/proto_test/5s7w_LU8_A_507_protein_refined.pdb,/home/bdldt_team005/DLDockingBenchSeminar/data/proto_test/5s7w_LU8_A_507_ligand_refined.sdf
5s7w_LU8_A_508,/home/bdldt_team005/DLDockingBenchSeminar/data/proto_test/5s7w_LU8_A_508_protein_refined.pdb,/home/bdldt_team005/DLDockingBenchSeminar/data/proto_test/5s7w_LU8_A_508_ligand_refined.sdf
5s7w_LU8_A_501,/home/bdldt_team005/DLDockingBenchSeminar/data/proto_test/5s7w_LU8_A_501_protein_refined.pdb,/home/bdldt_team005/DLDockingBenchSeminar/data/proto_test/5s7w_LU8_A_501_ligand_refined.sdf
5s7w_LU8_B_501,/home/bdldt_team005/DLDockingBenchSeminar/data/proto_test/5s7w_LU8_B_501_protein_refined.pdb,/home/bdldt_team005/DLDockingBenchSeminar/data/proto_test/5s7w_LU8_B_501_ligand_refined.sdf
5s7x_LU8_A_508,/home/bdldt_team005/DLDockingBenchSeminar/data/proto_test/5s7x_LU8_A_508_protein_refined.pdb,/home/bdldt_team005/DLDockingBenchSeminar/data/proto_test/5s7x_LU8_A_508_ligand_refined.sdf
5s7x_LU8_B_501,/home/bdldt_team005/DLDockingBenchSeminar/data/proto_test/5s7x_LU8_B_501_protein_refined.pdb,/home/bdldt_team005/DLDockingBenchSeminar/data/proto_test/5s7x_LU8_B_501_ligand_refined.sdf
5s7x_LU8_A_509,/home/bdldt_team005/DLDockingBenchSeminar/data/proto_test/5s7x_LU8_A_509_protein_refined.pdb,/home/bdldt_team005/DLDockingBenchSeminar/data/proto_test/5s7x_LU8_A_509_ligand_refined.sdf
5s7x_LU8_A_501,/home/bdldt_team005/DLDockingBenchSeminar/data/proto_test/5s7x_LU8_A_501_protein_refined.pdb,/home/bdldt_team005/DLDockingBenchSeminar/data/proto_test/5s7x_LU8_A_501_ligand_refined.sdf
5s7y_LU8_A_508,/home/bdldt_team005/DLDockingBenchSeminar/data/proto_test/5s7y_LU8_A_508_protein_refined.pdb,/home/bdldt_team005/DLDockingBenchSeminar/data/proto_test/5s7y_LU8_A_508_ligand_refined.sdf
5s7y_LU8_A_507,/home/bdldt_team005/DLDockingBenchSeminar/data/proto_test/5s7y_LU8_A_507_protein_refined.pdb,/home/bdldt_team005/DLDockingBenchSeminar/data/proto_test/5s7y_LU8_A_507_ligand_refined.sdf
5s7y_LU8_A_501,/home/bdldt_team005/DLDockingBenchSeminar/data/proto_test/5s7y_LU8_A_501_protein_refined.pdb,/home/bdldt_team005/DLDockingBenchSeminar/data/proto_test/5s7y_LU8_A_501_ligand_refined.sdf
5s7y_LU8_B_501,/home/bdldt_team005/DLDockingBenchSeminar/data/proto_test/5s7y_LU8_B_501_protein_refined.pdb,/home/bdldt_team005/DLDockingBenchSeminar/data/proto_test/5s7y_LU8_B_501_ligand_refined.sdf
5s7z_LU8_A_501,/home/bdldt_team005/DLDockingBenchSeminar/data/proto_test/5s7z_LU8_A_501_protein_refined.pdb,/home/bdldt_team005/DLDockingBenchSeminar/data/proto_test/5s7z_LU8_A_501_ligand_refined.sdf
5s7z_LU8_A_509,/home/bdldt_team005/DLDockingBenchSeminar/data/proto_test/5s7z_LU8_A_509_protein_refined.pdb,/home/bdldt_team005/DLDockingBenchSeminar/data/proto_test/5s7z_LU8_A_509_ligand_refined.sdf
5s7z_LU8_A_508,/home/bdldt_team005/DLDockingBenchSeminar/data/proto_test/5s7z_LU8_A_508_protein_refined.pdb,/home/bdldt_team005/DLDockingBenchSeminar/data/proto_test/5s7z_LU8_A_508_ligand_refined.sdf
5s7z_LU8_B_501,/home/bdldt_team005/DLDockingBenchSeminar/data/proto_test/5s7z_LU8_B_501_protein_refined.pdb,/home/bdldt_team005/DLDockingBenchSeminar/data/proto_test/5s7z_LU8_B_501_ligand_refined.sdf
5s80_LU8_B_501,/home/bdldt_team005/DLDockingBenchSeminar/data/proto_test/5s80_LU8_B_501_protein_refined.pdb,/home/bdldt_team005/DLDockingBenchSeminar/data/proto_test/5s80_LU8_B_501_ligand_refined.sdf
5s80_LU8_A_508,/home/bdldt_team005/DLDockingBenchSeminar/data/proto_test/5s80_LU8_A_508_protein_refined.pdb,/home/bdldt_team005/DLDockingBenchSeminar/data/proto_test/5s80_LU8_A_508_ligand_refined.sdf
5s80_LU8_A_501,/home/bdldt_team005/DLDockingBenchSeminar/data/proto_test/5s80_LU8_A_501_protein_refined.pdb,/home/bdldt_team005/DLDockingBenchSeminar/data/proto_test/5s80_LU8_A_501_ligand_refined.sdf
5s80_LU8_A_509,/home/bdldt_team005/DLDockingBenchSeminar/data/proto_test/5s80_LU8_A_509_protein_refined.pdb,/home/bdldt_team005/DLDockingBenchSeminar/data/proto_test/5s80_LU8_A_509_ligand_refined.sdf
